{
  "title": "Analyse intelligente de votre contrat de travail",
  "text": "Grâce à notre algorithme mis au point avec des professionnels du droit du travail, nous détectons automatiquement les irrégularités qui entachent votre contrat.",
  "section": [
    {
      "title": "Détection des clauses",
      "content": "Période d'essai, mobilité, non concurrence, congés...",
      "icon": "notes.svg"
    },
    {
      "title": "Vérification de conformité",
      "content": "Nous vérifions point par point si votre contrat de travail respecte le droit du travail ou s'il y a eu lieu de réclamer des indémnités ou une requalification par exemple.",
      "icon": "notes.svg"
    }
  ]
}
